ligand,protein,interaction,0
ASP597,ALA596,VdWContact,1.0
LEU721,THR9,Hydrophobic,0.803
ALA740,GLN6,Hydrophobic,0.744
PHE751,ILE3,Hydrophobic,0.514
PHE751,GLN6,VdWContact,0.6
PHE751,LEU61,Hydrophobic,0.689
PHE751,MET64,Hydrophobic,0.892
PHE751,TYR65,Hydrophobic,0.902
PHE751,TYR65,VdWContact,0.671
TYR754,THR9,Hydrophobic,0.96
TYR754,PHE10,Hydrophobic,0.589
TYR754,LYN13,Hydrophobic,0.778
PHE755,LYN13,VdWContact,0.603
ARG758,HID16,Hydrophobic,0.518
SER761,ASP20,VdWContact,0.534
ARG763,ASP20,HBDonor,0.866
ARG763,ASP20,Cationic,0.897
ARG763,ASP20,VdWContact,0.875
ARG763,TYR23,VdWContact,0.608
THR765,TYR23,VdWContact,0.53
THR765,ASP337,HBDonor,0.864
THR765,ASP337,VdWContact,0.888
TYR766,TYR23,Hydrophobic,0.881
TYR766,LYS335,Hydrophobic,0.977
TYR766,LYS335,VdWContact,0.694
GLY767,LYS335,HBDonor,0.776
GLY767,LYS335,VdWContact,0.794
HID770,LYS335,Hydrophobic,0.838
HID770,LYS335,VdWContact,0.691
